{
  "cloudant_apikey": "duwy04HugALapI2BUNqn6CRlRUAxx3Nm0F1UzZuIpTUb",
  "cloudant_host": "7b2114d7-0704-4a29-9d96-5c04c588c980-bluemix.cloudantnosqldb.appdomain.cloud",
  "cloudant_iam_apikey_description": "Auto-generated for key ad5b6c4c-bdb3-431a-8dfc-bfeeba4d633d",
  "cloudant_iam_apikey_name": "d40b0586-ed0e-4d03-a7c5-74d9b7c1b534",
  "cloudant_iam_role_crn": "crn:v1:bluemix:public:iam::::serviceRole:Writer",
  "cloudant_iam_serviceid_crn": "crn:v1:bluemix:public:iam-identity::a/8b4ceb80a18e4a27b0b1d9b06ecc890c::serviceid:ServiceId-13ab34fa-d405-4b28-9f73-e108ed4fc770",
  "cloudant_password": "31b83cde95e0905dc3016dcf1b506f6d",
  "cloudant_port": 443,
  "cloudant_url": "https://apikey-v2-10x37e4brdloa8dzcogsmlf2k7e91xqi1gcmlmp8ezl2:31b83cde95e0905dc3016dcf1b506f6d@7b2114d7-0704-4a29-9d96-5c04c588c980-bluemix.cloudantnosqldb.appdomain.cloud",
  "cloudant_username": "apikey-v2-10x37e4brdloa8dzcogsmlf2k7e91xqi1gcmlmp8ezl2"
}
